-- phpMyAdmin SQL Dump
-- version 3.4.5
-- http://www.phpmyadmin.net
--
-- Хост: localhost
-- Время создания: Апр 02 2013 г., 10:24
-- Версия сервера: 5.5.16
-- Версия PHP: 5.3.8

SET SQL_MODE="NO_AUTO_VALUE_ON_ZERO";
SET time_zone = "+00:00";


/*!40101 SET @OLD_CHARACTER_SET_CLIENT=@@CHARACTER_SET_CLIENT */;
/*!40101 SET @OLD_CHARACTER_SET_RESULTS=@@CHARACTER_SET_RESULTS */;
/*!40101 SET @OLD_COLLATION_CONNECTION=@@COLLATION_CONNECTION */;
/*!40101 SET NAMES utf8 */;

--
-- База данных: `morbidity`
--

-- --------------------------------------------------------

--
-- Структура таблицы `disease`
--

CREATE TABLE IF NOT EXISTS `disease` (
  `id` int(11) NOT NULL AUTO_INCREMENT,
  `name` varchar(255) NOT NULL,
  PRIMARY KEY (`id`)
) ENGINE=MyISAM  DEFAULT CHARSET=utf8 AUTO_INCREMENT=147 ;

--
-- Дамп данных таблицы `disease`
--

INSERT INTO `disease` (`id`, `name`) VALUES
(1, 'Брюшной тиф'),
(2, 'Пневм.вызв.пневмокок '),
(3, 'Паратиф А,В,С'),
(4, 'Б-носит.бр.тифа '),
(5, 'Сальмонеллезы '),
(6, 'Сальмонеллезы В '),
(7, 'Сальмонеллезы С '),
(8, 'Сальмонеллезы Д'),
(9, 'Дизентерия'),
(10, 'Диз.бак.подтв. '),
(11, 'Дизентерия Зонне '),
(12, 'Диз.Флекснера '),
(13, 'Б-носит.дизент. '),
(14, 'ОКИ уст.этиол. '),
(15, 'ОКИ ротавирусные '),
(16, 'ОКИ кампилобакт. '),
(17, 'ОКИ,вызв.ЭПКП '),
(18, 'ОКИ,вызв,иерсин. '),
(19, 'ОКИ,неуст.этиол. '),
(20, 'Острый ВГ '),
(21, 'Острый ВГА '),
(22, 'Острый ВГВ '),
(23, 'Носители геп.В '),
(24, 'Псевдотуберкулез '),
(25, 'Полиомиелит остр '),
(26, 'Дифтерия '),
(27, 'Б-носит.дифтерии '),
(28, 'Коклюш '),
(29, 'Паракоклюш б/п '),
(30, 'Скарлатина '),
(31, 'Ветряная оспа '),
(32, 'Паротит эпидемич. '),
(33, 'Корь '),
(34, 'Краснуха '),
(35, 'Менингокок.инф. '),
(36, 'Генер.менинг.инф '),
(37, 'Туляремия '),
(38, 'Сибирская язва '),
(39, 'Бруцеллез '),
(40, 'Столбняк '),
(41, 'Кл.энцефалит '),
(42, 'Болезнь Лайма '),
(43, 'Геморраг.лихорад '),
(44, 'ГЛПС '),
(45, 'Бешенство '),
(46, 'Укусы животными '),
(47, 'Инф.мононуклеоз '),
(48, 'Орнитоз '),
(49, 'Риккетсиозы '),
(50, 'Сыпной тиф '),
(51, 'Болезнь Бриля '),
(52, 'Лихорадка Ку '),
(53, 'Клещ.сыпной тиф '),
(54, 'Педикулез '),
(55, 'Листериоз '),
(56, 'Лептоспироз '),
(57, 'ВИЧ '),
(58, 'Грипп '),
(59, 'ОРЗ '),
(60, 'Цитомеголовир. '),
(61, 'Легионеллез '),
(62, 'Пневмоцистоз '),
(63, 'Туберкулез акт. '),
(64, 'ТВС органов дых. '),
(65, 'ТВС бацил.формы '),
(66, 'Сифилис '),
(67, 'Гонорея о.и хр. '),
(68, 'Чесотка '),
(69, 'Микроспория '),
(70, 'Трихофития '),
(71, 'Малярия '),
(72, 'Паразит.малярии '),
(73, 'Реакция на прив. '),
(74, 'Лямблиоз '),
(75, 'Токсоплазмоз '),
(76, 'Аскаридоз '),
(77, 'Трихоцефаллез '),
(78, 'Энтеробиоз '),
(79, 'Трихинеллез '),
(80, 'Токсокароз '),
(81, 'Описторхоз '),
(82, 'Гименолепидоз '),
(83, 'Дифиллоботриоз '),
(84, 'Синдром вр.краснухи '),
(85, 'Тениаринхоз '),
(86, 'Тениоз '),
(87, 'Эхинококкоз '),
(88, 'Др.гельминтозы '),
(89, 'Острый ВГС '),
(90, 'Носители геп.С '),
(91, 'Острые вялые паралич '),
(92, 'Хронический ВГВ '),
(93, 'Хронический ВГС '),
(94, 'ГСИ у новорожденных '),
(95, 'Холера '),
(96, 'Вибриононос.холеры '),
(97, 'Хронический ВГ '),
(98, 'Полиом.остр.дикий '),
(99, 'Полиом.остр.неуточн. '),
(100, 'Полиом.ассоц.вакцин. '),
(101, 'Сальмонеллез пр. '),
(102, 'Дизентерия б/п проч. '),
(103, 'Дизентерия клинич. '),
(104, 'Омфалит,флебит '),
(105, 'Пиодермия,мастит '),
(106, 'Конъюктивит '),
(107, 'Сепсис '),
(108, 'Мастит '),
(109, 'Послеоперацион.инф. '),
(110, 'Постинъекцион.инф. '),
(111, 'Инф.мочевывод.путей '),
(112, 'Острые кишечные инф. '),
(113, 'Сальмонеллезные инф. '),
(114, 'Вирусный гепатит В '),
(115, 'Вирусный гепатит С '),
(116, 'менингит '),
(117, 'сепсис '),
(118, 'остеомиелит '),
(119, 'отит '),
(120, 'Послеродовые инфекц. '),
(121, 'Грипп и ОРЗ '),
(122, 'Носители ВИЧ '),
(123, 'Энтеровирусная инф. '),
(124, 'Энтеровирус.менингит '),
(125, 'Вр.цитомегаловирусн. '),
(126, 'Криптоспоридиоз '),
(127, 'Гемофильная инф. '),
(128, 'пневмонии '),
(129, 'Внутриутробные инф. '),
(130, 'Пневмонии '),
(131, 'ВИЧ '),
(132, 'Лепра (б-нь Гансена) '),
(133, 'Туберкулез '),
(134, 'Инф,перед.пол.путем '),
(135, 'ОКИ уст.бактериальн. '),
(136, 'ОКИ уст.вирусные '),
(137, 'ОКИ вызв.вир.Норволк '),
(138, 'Лихорадка Зап.Нила '),
(139, 'Крымская гемор.лихор '),
(140, 'МалярияPl.falciparum '),
(141, 'Амебиаз '),
(142, 'ОКИ вызв.эшерихиями '),
(143, 'Клонорхоз '),
(144, 'Пневмония внебольн. '),
(145, 'Пнвмония вирусная '),
(146, 'Пневмония бактер. ');

-- --------------------------------------------------------

--
-- Структура таблицы `hospital`
--

CREATE TABLE IF NOT EXISTS `hospital` (
  `id` int(11) NOT NULL AUTO_INCREMENT,
  `name` varchar(255) NOT NULL,
  `terr_id` int(11) NOT NULL,
  `adress` varchar(255) NOT NULL,
  `phone` varchar(255) NOT NULL,
  PRIMARY KEY (`id`),
  KEY `terr_id` (`terr_id`)
) ENGINE=MyISAM  DEFAULT CHARSET=utf8 AUTO_INCREMENT=46 ;

--
-- Дамп данных таблицы `hospital`
--

INSERT INTO `hospital` (`id`, `name`, `terr_id`, `adress`, `phone`) VALUES
(1, 'Камчатская больница ФГБУЗ  ДВОМЦ ФМБА России', 12, 'Российская Федерация, 683004, Камчатский край, Петропавловск-Камчатский г, Курильская, 15', '7-4152-424597 '),
(2, 'ФКУЗ "МСЧ МВД России по Магаданской области" ', 14, 'Российская Федерация, 685000, Магаданская обл, Магадан г, Пролетарская, 25/3', '7-4132-655637 '),
(3, 'Хабаровская больница ФГБУЗ ДВОМЦ ФМБА России ', 18, 'Российская Федерация, 680007, Хабаровский край, Хабаровск г, пер.Ладожский, 6', '7-4212-363926 '),
(4, 'ФГБУ "ННИИТО" Минздрава России ', 22, 'Российская Федерация, 603155, Нижегородская обл, Нижний Новгород г, Верхневолжская набережная, 18/1', '7-831-4325301 '),
(5, 'ГУЗ "ККВД № 2" г. Пермь ', 26, 'Российская Федерация, 614036, Пермский край, Пермь г, ул.Леонова, 37', '7-342-2261540 '),
(6, 'МУЗ "Андреевская амбулатория" ', 29, 'Российская Федерация, 431237, Мордовия Респ, Темниковский р-н, Андреевка (Андреевское с/п) д, Фабричная, 1', '7-39553-51184 '),
(7, 'ГБУЗ "ВОВФД № 3", г.Волжский ', 37, 'Российская Федерация, 404120, Волгоградская обл, Волжский г, пр-кт им.Ленина, 97', '7-8443-276992 '),
(8, 'ГОБУЗ МЦГБ ', 41, 'Российская Федерация, 184500, Мурманская обл, Мончегорск г, пр.Кирова, 6', '7-81536-33555 '),
(9, 'ГБУЗ "Великолукская ГБ" ', 44, 'Российская Федерация, 182105, Псковская обл, Великие Луки г, ул. Больничная, д. 10', '7-81153-74723 '),
(10, 'ФКУЗ "Дагестанская ПЧС" Роспотребнадзора ', 65, 'Российская Федерация, 367015, Дагестан Респ, Махачкала г, Городок жилой 5, 13', '7-8722-626212'),
(11, 'Филиал ФГУЗ "Центр гигиены и эпидемиологии в Чеченской республике" в Надтеречном районе ', 69, 'Российская Федерация, 366813, Чеченская Респ, Надтеречный р-н, Знаменское с, просп.Кадырова, 100', '7-8712-333027'),
(12, 'КГБУЗ "Родильный дом № 1, г. Барнаул" ', 71, 'Российская Федерация, 656023, Алтайский край, Барнаул г, улица Германа Титова, 25', '7-3852-337879'),
(13, 'ГБУЗ НСО "ДГКБ № 1" ', 76, 'Российская Федерация, 630048, Новосибирская обл, Новосибирск г, Вертковская, 3', '7-383-3146749'),
(14, 'ГБУЗ РХ "АССМП" ', 81, 'Российская Федерация, 655012, Хакасия Респ, Абакан г, Тараса Шевченко, 83, литера АаВв', '7-3902-222420'),
(15, 'МУ "Городская больница N2"', 87, 'Российская Федерация, 640000, Курганская обл, Курган г, Карбышева, 27', '7-3522-231170'),
(16, 'Филиал ФГУЗ "Центр гигиены и эпидемиологии в Челябинской области в городе Коркино и городе Еманжелинске, Еткульском районе"', 91, 'Российская Федерация, 456550, Челябинская обл, Коркинский р-н, Коркино г, 9 Января, 25', '7-86141-33831'),
(17, 'НИИ НДХиТ ', 97, 'Российская Федерация, 119180, Москва, ул. Б. Полянка, д.22', '7-495-6335834'),
(18, 'ОГБУЗ ОБ КО № 2 ', 100, 'Российская Федерация, 156016, Костромская обл, Кострома г, Кинешемское шоссе, 82', '7-4942-227126'),
(19, 'БУЗ Орловской области "Русско-Бродская районная больница" ', 104, 'Российская Федерация, 303710, Орловская обл, Верховский р-н, Русский Брод с, Ливенская, 44', '7-48676-21201'),
(20, 'БУЗ Орловской области "Свердловская ЦРБ" ', 104, 'Российская Федерация, 303320, Орловская обл, Свердловский р-н, Змиевка пгт, 8 Марта, 2', '7-4864521-409 '),
(21, 'ОГБУЗ Центр психотерапии ', 100, 'Российская Федерация, 156000, Костромская обл, Кострома г, проспект Мира, 1/2', '7-4942-350901'),
(22, 'ФГБУ "ИМЦЭУАОСМП" Росздравнадзора ', 97, 'Российская Федерация, 109074, Москва, Славянская площадь, 4/стр.1', '7-495-6983864 '),
(23, 'Белгородский филиал ФГУЗ "Федеральный центр гигиены и эпидемиологии по железнодорожному транспорту" ', 93, 'Российская Федерация, 308001, Белгородская обл, Белгород г, Вокзальная, 1', '7-4872-480190 '),
(24, 'ОГБУЗ "Белгородский онкологический диспансер" ', 93, 'Российская Федерация, 308010, Белгородская обл, Белгород г, ул.Куйбышева, 17-4722-344049 ', '7-4722-344049 '),
(25, 'ФКУЗ "МСЧ МВД  России по Брянской области" ', 94, 'Российская Федерация, 241050, Брянская обл, Брянск г, Горького, 16 а', '7-4832-664124'),
(26, 'ГБУЗ "Городская больница ЗАТО г. Радужный"', 95, 'Российская Федерация, 600910, Владимирская обл, Радужный г, квартал 9, 2', '7-49254-32846'),
(27, 'БУЗ ВО "Таловская ЦРБ" ', 96, 'Российская Федерация, 397482, Воронежская обл, Таловский р-н, Таловая рп, Пирогова, 3 а', '7-47352-23844 '),
(28, 'БУЗ ВО "ВГП № 15"', 96, 'Российская Федерация, 394000, Воронежская обл, Воронеж г, Чайковского, 8', '7-4732-522571'),
(29, 'ОБУЗ "Городская детская стоматологическая поликлиника"', 98, 'Российская Федерация, 153000, Ивановская обл, Иваново г, Станко, 9', '7-4932-304381 '),
(30, 'ФГБУ "Ив НИИ М и Д им. В.Н. Городкова" Минздрава России ', 98, 'Российская Федерация, 153045, Ивановская обл, Иваново г, Победы, 20', '7-920-6720173 '),
(31, 'ГБУЗ Калужской области "ОТБ" ', 99, 'Российская Федерация, 248003, Калужская обл, Калуга г, Горького, 85', '7-4842-532136 '),
(32, 'ОБУЗ "Городской роддом" КЗ КО', 101, 'Российская Федерация, 307170, Курская обл, Железногорский р-н, Железногорск г, Больничный переулок, 1', '7-47148-47063 '),
(33, 'ГУЗ "Областная больница №2" ', 102, 'Российская Федерация, 398020, Липецкая обл, Липецк г, ул. Ленина, д. 35', '7-4742-272297'),
(34, 'ГУЗ "ЛООД" ', 102, 'Российская Федерация, 398005, Липецкая обл, Липецк г, Адмирала Макарова, владение 1е', '7-4742-431188'),
(35, 'МУ АМУЗ', 103, 'Российская Федерация, 143500, Московская обл, Истра г, Урицкого, д.83 стр.5', '7-49631-49883'),
(36, 'ГКУЗ ОДС "Гусь-Железный" ', 105, 'Российская Федерация, 391320, Рязанская обл, Касимовский р-н, Гусь-Железный рп, Ленинская, 2а', '7-49131-46194'),
(37, 'ОГБУЗ "Станция скорой медицинской помощи" ', 106, 'Российская Федерация, 214014, Смоленская обл, Смоленск г, Володарского, д.3', '7-4812-382887'),
(38, 'ФКУ ОО СПБСТИН УФСИН России по Смоленской области ', 106, 'Российская Федерация, 215280, Смоленская обл, Сычевский р-н, Сычевка г, улица К. Маркса, дом 71', '7-48130-42173'),
(39, 'ТОГБУЗ "Городская поликлиника № 6 г.Тамбова"', 107, 'Российская Федерация, 392032, Тамбовская обл, Тамбов г, Никифоровская, 38', '7-4752-455913'),
(40, 'ТОГБУЗ "Городская стоматологическая поликлиника № 3 г. Тамбова"', 107, 'Российская Федерация, 392030, Тамбовская обл, Тамбов г, Моршанское шоссе, 22', '7-4752-560862'),
(41, 'ГБУЗ "Ржевский РД" ', 108, 'Российская Федерация, 172386, Тверская обл, Ржев г, Заводское шоссе, 9', '7-48232-65548'),
(42, 'ГБУЗ "Максатихинская ЦРБ"', 108, 'Российская Федерация, 171900, Тверская обл, Максатихинский р-н, Максатиха пгт, Красноармейская, 25', '7-48253-22673'),
(43, 'ГУЗ ТО "Амбулатория Тула-50" ', 109, 'Российская Федерация, 301505, Тульская обл, Арсеньевский р-н, Славный пгт, Мира, 17/4', '7-48733-54502'),
(44, 'ГБУЗ ЯО "Клиническая онкологическая больница"', 110, 'Российская Федерация, 150054, Ярославская обл, Ярославль г, проспект Октября, 67', '7-4852-251663'),
(45, 'ГБУЗ ЯО "Территориальный центр медицины катастроф"', 110, 'Российская Федерация, 150054, Ярославская обл, Ярославль г, пр-кт Октября, 63 а', '7-4852-738300');

-- --------------------------------------------------------

--
-- Структура таблицы `statistics`
--

CREATE TABLE IF NOT EXISTS `statistics` (
  `disease_id` int(11) NOT NULL,
  `hospital_id` int(11) NOT NULL,
  `date` int(11) NOT NULL,
  `patients` int(11) NOT NULL,
  `issued` int(11) NOT NULL,
  PRIMARY KEY (`disease_id`,`hospital_id`,`date`)
) ENGINE=MyISAM DEFAULT CHARSET=utf8;

--
-- Дамп данных таблицы `statistics`
--

INSERT INTO `statistics` (`disease_id`, `hospital_id`, `date`, `patients`, `issued`) VALUES
(72, 1, 20130101, 7, 8),
(97, 45, 20130101, 5, 0),
(29, 17, 20130101, 7, 4),
(67, 31, 20130101, 4, 0),
(72, 39, 20130101, 4, 8),
(12, 11, 20130101, 5, 7),
(122, 32, 20130101, 2, 7),
(24, 30, 20130101, 9, 6),
(31, 11, 20130101, 7, 6),
(117, 30, 20130101, 7, 8),
(130, 4, 20130101, 10, 2),
(77, 43, 20130101, 9, 1),
(117, 39, 20130101, 4, 5),
(4, 19, 20130101, 10, 3),
(42, 19, 20130101, 10, 8),
(32, 45, 20130101, 10, 7),
(75, 5, 20130101, 3, 2),
(132, 16, 20130101, 2, 7),
(18, 23, 20130101, 7, 9),
(85, 9, 20130101, 6, 2),
(43, 22, 20130102, 0, 4),
(100, 29, 20130102, 1, 8),
(19, 6, 20130102, 1, 0),
(9, 32, 20130102, 4, 0),
(124, 29, 20130102, 10, 2),
(19, 23, 20130102, 10, 8),
(81, 8, 20130102, 5, 5),
(106, 18, 20130102, 2, 0),
(18, 6, 20130102, 7, 0),
(46, 33, 20130102, 3, 7),
(71, 44, 20130102, 1, 6),
(19, 29, 20130102, 6, 2),
(8, 41, 20130103, 6, 10),
(44, 19, 20130103, 0, 4),
(62, 37, 20130103, 7, 0),
(103, 29, 20130103, 3, 3),
(28, 14, 20130103, 2, 4),
(88, 28, 20130103, 2, 1),
(48, 23, 20130103, 2, 5),
(120, 29, 20130103, 5, 10),
(112, 5, 20130103, 1, 9),
(12, 8, 20130103, 9, 0),
(103, 17, 20130103, 0, 6),
(97, 25, 20130103, 1, 6),
(106, 2, 20130103, 4, 2),
(85, 34, 20130103, 1, 10),
(19, 35, 20130103, 2, 0),
(14, 3, 20130103, 10, 10),
(133, 29, 20130103, 3, 1),
(77, 32, 20130103, 2, 3),
(106, 43, 20130103, 1, 4),
(124, 28, 20130103, 0, 6),
(48, 35, 20130103, 8, 7),
(49, 29, 20130104, 4, 0),
(6, 2, 20130104, 2, 0),
(110, 38, 20130104, 7, 10),
(26, 10, 20130104, 0, 2),
(40, 14, 20130104, 4, 7),
(62, 29, 20130104, 0, 9),
(41, 1, 20130104, 4, 4),
(11, 12, 20130104, 9, 7),
(19, 19, 20130104, 2, 4),
(48, 12, 20130104, 8, 10),
(77, 18, 20130104, 4, 0),
(142, 42, 20130104, 8, 6),
(101, 18, 20130104, 7, 10),
(85, 27, 20130104, 10, 2),
(49, 27, 20130104, 6, 1),
(6, 15, 20130105, 6, 4),
(82, 27, 20130105, 9, 1),
(105, 10, 20130105, 5, 1),
(32, 23, 20130105, 1, 9),
(12, 6, 20130105, 4, 10),
(24, 6, 20130105, 9, 2),
(127, 2, 20130105, 1, 4),
(37, 10, 20130105, 0, 10),
(7, 35, 20130105, 3, 5),
(10, 41, 20130106, 9, 3),
(141, 6, 20130106, 2, 8),
(75, 28, 20130106, 5, 3),
(2, 8, 20130106, 3, 5),
(142, 43, 20130106, 8, 10),
(54, 43, 20130106, 3, 5),
(63, 3, 20130106, 6, 8),
(32, 6, 20130106, 6, 0),
(41, 36, 20130106, 2, 9),
(98, 29, 20130106, 6, 4),
(70, 31, 20130106, 7, 1),
(123, 28, 20130106, 10, 7),
(138, 22, 20130106, 8, 1),
(127, 34, 20130106, 7, 2),
(24, 27, 20130106, 8, 5),
(22, 21, 20130106, 4, 1),
(129, 16, 20130107, 4, 1),
(69, 19, 20130107, 4, 0),
(88, 22, 20130107, 2, 1),
(131, 33, 20130107, 1, 1),
(116, 23, 20130107, 2, 9),
(107, 21, 20130107, 0, 9),
(123, 31, 20130107, 10, 7),
(121, 5, 20130107, 6, 4),
(89, 2, 20130107, 1, 5),
(26, 3, 20130107, 2, 0),
(50, 11, 20130107, 7, 8),
(10, 17, 20130107, 10, 1),
(28, 7, 20130107, 1, 1),
(30, 21, 20130107, 5, 10),
(91, 17, 20130107, 10, 2),
(107, 11, 20130107, 1, 7),
(105, 14, 20130107, 8, 7),
(34, 36, 20130107, 9, 1),
(15, 21, 20130107, 2, 2),
(28, 8, 20130107, 8, 5),
(145, 36, 20130108, 4, 6),
(89, 16, 20130108, 3, 9),
(76, 6, 20130108, 8, 5),
(90, 41, 20130108, 2, 5),
(50, 38, 20130108, 7, 6),
(15, 38, 20130108, 8, 3),
(124, 40, 20130108, 2, 7),
(74, 9, 20130108, 5, 10),
(27, 18, 20130108, 4, 8),
(122, 22, 20130108, 6, 4),
(44, 17, 20130108, 10, 3),
(113, 3, 20130108, 7, 9),
(8, 41, 20130108, 1, 7),
(44, 22, 20130108, 8, 5),
(65, 7, 20130108, 1, 4),
(76, 27, 20130108, 9, 8),
(2, 19, 20130109, 1, 6),
(72, 45, 20130109, 2, 7),
(69, 15, 20130109, 2, 6),
(139, 18, 20130109, 9, 8),
(86, 12, 20130109, 4, 8),
(107, 21, 20130109, 5, 1),
(123, 39, 20130109, 1, 9),
(41, 37, 20130110, 2, 4),
(27, 37, 20130110, 6, 10),
(34, 19, 20130110, 10, 9),
(89, 36, 20130110, 1, 5),
(34, 22, 20130110, 0, 5),
(48, 35, 20130110, 3, 7),
(45, 28, 20130110, 3, 3),
(61, 41, 20130110, 7, 4),
(50, 24, 20130110, 4, 6),
(137, 9, 20130110, 9, 4),
(21, 42, 20130110, 2, 10),
(102, 16, 20130110, 10, 10),
(17, 35, 20130110, 7, 5),
(116, 35, 20130110, 9, 3),
(122, 14, 20130111, 9, 7),
(4, 16, 20130111, 9, 5),
(62, 33, 20130111, 5, 7),
(130, 25, 20130111, 10, 4),
(8, 39, 20130111, 8, 10),
(39, 28, 20130111, 10, 9),
(97, 2, 20130111, 5, 2),
(47, 27, 20130112, 4, 8),
(5, 18, 20130112, 5, 10),
(4, 20, 20130112, 6, 4),
(143, 38, 20130112, 5, 5),
(134, 43, 20130112, 5, 10),
(129, 39, 20130112, 5, 7),
(62, 18, 20130112, 10, 6),
(122, 24, 20130112, 3, 6),
(59, 31, 20130112, 1, 10),
(106, 19, 20130112, 8, 3),
(76, 23, 20130112, 9, 2),
(117, 45, 20130112, 3, 8),
(90, 13, 20130112, 10, 4),
(141, 31, 20130112, 0, 6),
(146, 21, 20130112, 8, 6),
(135, 34, 20130113, 5, 5),
(72, 14, 20130113, 10, 7),
(32, 4, 20130113, 8, 6),
(29, 31, 20130113, 9, 8),
(19, 42, 20130113, 10, 9),
(67, 32, 20130113, 0, 5),
(24, 27, 20130113, 1, 8),
(46, 23, 20130113, 1, 2),
(67, 3, 20130113, 5, 2),
(40, 13, 20130113, 5, 5),
(82, 13, 20130113, 8, 6),
(1, 5, 20130113, 8, 4),
(125, 40, 20130113, 1, 0),
(56, 33, 20130114, 0, 10),
(46, 24, 20130114, 7, 8),
(113, 11, 20130114, 8, 8),
(133, 20, 20130114, 5, 5),
(17, 15, 20130114, 2, 9),
(81, 37, 20130115, 10, 5),
(50, 10, 20130115, 2, 7),
(128, 8, 20130115, 3, 0),
(37, 32, 20130115, 3, 8),
(41, 45, 20130115, 8, 6),
(82, 19, 20130115, 1, 3),
(21, 43, 20130115, 1, 3),
(109, 44, 20130115, 1, 0),
(13, 13, 20130115, 9, 1),
(85, 17, 20130115, 9, 1),
(24, 25, 20130115, 2, 8),
(141, 2, 20130115, 3, 3),
(5, 14, 20130115, 5, 4),
(58, 3, 20130115, 0, 9),
(143, 16, 20130115, 3, 1),
(76, 41, 20130115, 1, 4),
(2, 23, 20130116, 4, 8),
(144, 8, 20130116, 1, 6),
(48, 11, 20130116, 4, 5),
(142, 36, 20130116, 6, 9),
(92, 23, 20130116, 8, 3),
(68, 29, 20130116, 4, 0),
(63, 36, 20130116, 5, 3),
(34, 26, 20130116, 8, 4),
(127, 31, 20130117, 10, 10),
(22, 23, 20130117, 5, 5),
(93, 33, 20130117, 5, 10),
(8, 37, 20130117, 2, 0),
(137, 40, 20130117, 10, 5),
(61, 6, 20130117, 5, 10),
(15, 41, 20130117, 1, 2),
(74, 2, 20130117, 9, 3),
(29, 24, 20130117, 5, 5),
(46, 41, 20130117, 8, 6),
(27, 34, 20130117, 5, 4),
(31, 9, 20130117, 6, 1),
(12, 26, 20130117, 3, 6),
(86, 34, 20130117, 4, 2),
(41, 23, 20130117, 10, 7),
(79, 18, 20130117, 10, 5),
(22, 9, 20130118, 10, 7),
(14, 22, 20130118, 8, 1),
(111, 3, 20130118, 8, 3),
(128, 33, 20130118, 7, 5),
(132, 31, 20130118, 9, 10),
(40, 38, 20130118, 1, 9),
(16, 37, 20130118, 3, 6),
(8, 24, 20130118, 9, 3),
(119, 42, 20130118, 1, 1),
(44, 39, 20130118, 4, 9),
(10, 31, 20130118, 3, 7),
(48, 44, 20130118, 2, 10),
(93, 19, 20130118, 5, 3),
(29, 44, 20130118, 7, 9),
(44, 28, 20130119, 8, 10),
(37, 13, 20130119, 3, 10),
(108, 42, 20130119, 10, 3),
(64, 7, 20130119, 1, 0),
(117, 40, 20130119, 7, 3),
(43, 37, 20130119, 4, 9),
(131, 12, 20130119, 2, 9),
(10, 20, 20130120, 9, 10),
(20, 29, 20130120, 5, 10),
(114, 39, 20130120, 3, 0),
(106, 43, 20130120, 9, 8),
(14, 29, 20130120, 5, 2),
(63, 40, 20130120, 5, 8),
(6, 4, 20130120, 5, 9),
(46, 21, 20130120, 1, 6),
(21, 22, 20130120, 4, 9),
(94, 8, 20130120, 1, 1),
(117, 15, 20130120, 8, 3),
(13, 29, 20130120, 1, 4),
(109, 21, 20130120, 4, 7),
(8, 13, 20130120, 9, 8),
(112, 41, 20130120, 4, 10),
(95, 40, 20130120, 9, 6),
(138, 23, 20130121, 5, 5),
(133, 8, 20130121, 0, 4),
(41, 40, 20130121, 9, 10),
(12, 8, 20130121, 6, 1),
(80, 30, 20130121, 1, 1),
(12, 18, 20130121, 7, 10),
(111, 27, 20130121, 5, 2),
(35, 5, 20130121, 5, 2),
(67, 4, 20130121, 2, 7),
(82, 39, 20130121, 3, 2),
(129, 7, 20130121, 4, 9),
(33, 25, 20130122, 3, 7),
(1, 40, 20130122, 4, 8),
(116, 42, 20130122, 9, 9),
(8, 11, 20130122, 1, 9),
(140, 13, 20130122, 10, 1),
(105, 28, 20130122, 0, 6),
(33, 42, 20130123, 4, 7),
(79, 5, 20130123, 8, 1),
(114, 5, 20130123, 3, 7),
(128, 40, 20130123, 5, 9),
(87, 21, 20130123, 4, 3),
(37, 38, 20130123, 10, 9),
(25, 1, 20130123, 2, 3),
(103, 3, 20130124, 5, 2),
(87, 27, 20130124, 4, 2),
(50, 29, 20130124, 4, 8),
(63, 15, 20130124, 5, 2),
(87, 5, 20130124, 0, 8),
(98, 12, 20130124, 9, 10),
(51, 2, 20130124, 4, 5),
(109, 16, 20130124, 10, 6),
(39, 30, 20130124, 5, 7),
(53, 15, 20130124, 10, 3),
(52, 29, 20130124, 5, 8),
(88, 32, 20130124, 4, 5),
(116, 22, 20130124, 10, 7),
(90, 5, 20130124, 0, 4),
(63, 1, 20130124, 9, 10),
(49, 34, 20130124, 4, 3),
(82, 42, 20130124, 5, 4),
(22, 34, 20130124, 3, 8),
(41, 18, 20130124, 5, 5),
(29, 18, 20130125, 8, 7),
(12, 20, 20130125, 8, 6),
(18, 28, 20130125, 0, 8),
(63, 10, 20130125, 2, 4),
(77, 44, 20130125, 9, 6),
(102, 5, 20130125, 10, 2),
(12, 39, 20130125, 3, 0),
(76, 28, 20130125, 3, 6),
(100, 32, 20130125, 6, 10),
(14, 10, 20130126, 2, 1),
(97, 20, 20130126, 7, 4),
(107, 32, 20130126, 7, 5),
(25, 4, 20130126, 2, 8),
(122, 4, 20130126, 9, 8),
(105, 20, 20130126, 10, 9),
(11, 36, 20130126, 10, 2),
(35, 3, 20130126, 0, 5),
(115, 22, 20130126, 1, 0),
(115, 19, 20130126, 8, 5),
(74, 33, 20130126, 6, 4),
(45, 26, 20130126, 6, 0),
(110, 14, 20130126, 8, 1),
(21, 21, 20130126, 6, 2),
(3, 34, 20130126, 1, 7),
(15, 18, 20130126, 1, 2),
(33, 3, 20130126, 1, 6),
(141, 27, 20130126, 2, 7),
(67, 43, 20130126, 3, 9),
(23, 37, 20130126, 3, 1),
(30, 44, 20130126, 10, 10),
(99, 29, 20130127, 7, 3),
(125, 39, 20130127, 5, 2),
(26, 42, 20130127, 8, 7),
(32, 34, 20130127, 1, 9),
(19, 26, 20130127, 9, 4),
(19, 29, 20130127, 6, 3),
(87, 20, 20130127, 9, 6),
(104, 10, 20130127, 10, 6),
(55, 27, 20130127, 2, 9),
(126, 1, 20130127, 8, 8),
(109, 39, 20130127, 0, 10),
(145, 23, 20130127, 8, 3),
(141, 26, 20130127, 2, 8),
(37, 33, 20130127, 2, 1),
(73, 1, 20130128, 3, 2),
(95, 18, 20130128, 5, 10),
(5, 21, 20130128, 10, 5),
(144, 30, 20130128, 0, 3),
(77, 35, 20130128, 6, 9),
(70, 8, 20130128, 5, 2),
(98, 33, 20130128, 2, 4),
(99, 33, 20130128, 5, 9),
(6, 1, 20130128, 9, 7),
(14, 40, 20130128, 1, 0),
(21, 16, 20130128, 2, 2),
(136, 29, 20130128, 3, 1),
(12, 22, 20130129, 8, 7),
(52, 14, 20130129, 6, 10),
(122, 34, 20130129, 5, 7),
(68, 44, 20130129, 4, 5),
(35, 44, 20130129, 0, 8),
(123, 24, 20130129, 2, 0),
(63, 3, 20130129, 2, 4),
(84, 28, 20130129, 0, 9),
(7, 36, 20130129, 9, 6),
(63, 14, 20130129, 8, 7),
(139, 10, 20130130, 7, 8),
(111, 13, 20130130, 3, 10),
(5, 26, 20130130, 4, 4),
(27, 27, 20130130, 6, 9),
(99, 13, 20130130, 2, 10),
(111, 2, 20130130, 9, 10),
(33, 10, 20130130, 9, 8),
(1, 15, 20130130, 8, 4),
(11, 23, 20130130, 0, 8),
(15, 32, 20130130, 1, 5),
(16, 12, 20130130, 0, 5),
(52, 14, 20130130, 2, 8),
(54, 26, 20130130, 1, 9),
(138, 5, 20130130, 5, 8),
(107, 32, 20130131, 10, 1),
(89, 21, 20130131, 6, 2),
(143, 24, 20130131, 4, 5),
(97, 39, 20130131, 5, 10),
(143, 37, 20130131, 9, 10),
(80, 20, 20130131, 0, 1),
(76, 34, 20130131, 0, 0),
(113, 4, 20130131, 1, 9),
(127, 17, 20130131, 0, 10),
(143, 14, 20130131, 3, 0),
(146, 26, 20130131, 7, 7),
(88, 44, 20130201, 0, 6),
(41, 28, 20130201, 5, 0),
(68, 15, 20130201, 4, 10),
(69, 8, 20130201, 10, 7),
(24, 37, 20130201, 7, 7),
(138, 20, 20130201, 6, 0),
(118, 43, 20130201, 9, 6),
(130, 15, 20130201, 0, 8),
(95, 30, 20130201, 7, 6),
(111, 36, 20130201, 7, 10),
(72, 12, 20130201, 0, 10),
(80, 28, 20130201, 8, 1),
(29, 33, 20130201, 10, 1),
(48, 39, 20130201, 7, 3),
(89, 5, 20130201, 6, 5),
(102, 39, 20130201, 7, 1),
(92, 37, 20130201, 9, 3),
(126, 27, 20130201, 6, 3),
(13, 3, 20130201, 0, 3),
(27, 44, 20130201, 1, 1),
(88, 23, 20130201, 3, 1),
(126, 44, 20130202, 1, 5),
(122, 15, 20130202, 10, 2),
(109, 23, 20130202, 4, 0),
(90, 42, 20130202, 2, 10),
(87, 41, 20130202, 10, 9),
(111, 37, 20130202, 2, 3),
(32, 45, 20130202, 3, 0),
(71, 4, 20130202, 7, 8),
(144, 23, 20130202, 8, 4),
(36, 20, 20130202, 3, 3),
(47, 7, 20130202, 10, 0),
(98, 1, 20130202, 7, 8),
(73, 31, 20130202, 5, 3),
(129, 17, 20130202, 4, 10),
(62, 35, 20130202, 2, 6),
(87, 3, 20130202, 10, 0),
(122, 40, 20130202, 7, 10),
(20, 9, 20130202, 5, 1),
(64, 21, 20130202, 2, 10),
(75, 33, 20130202, 7, 5),
(63, 7, 20130202, 3, 4),
(56, 31, 20130203, 6, 0),
(120, 43, 20130203, 8, 7),
(104, 20, 20130203, 6, 4),
(144, 44, 20130203, 1, 2),
(81, 5, 20130203, 5, 9),
(114, 5, 20130203, 2, 1),
(101, 15, 20130203, 1, 8),
(125, 35, 20130203, 5, 0),
(56, 32, 20130203, 5, 0),
(76, 42, 20130203, 8, 7),
(81, 6, 20130203, 8, 5),
(31, 35, 20130203, 5, 1),
(58, 27, 20130203, 9, 6),
(84, 34, 20130204, 1, 8),
(28, 31, 20130204, 5, 8),
(33, 42, 20130204, 5, 3),
(81, 36, 20130204, 6, 2),
(67, 37, 20130204, 10, 7),
(8, 1, 20130204, 4, 5),
(16, 1, 20130204, 1, 8),
(86, 10, 20130204, 9, 8),
(123, 11, 20130204, 5, 8),
(87, 22, 20130204, 6, 9),
(134, 42, 20130204, 10, 10),
(97, 25, 20130204, 10, 7),
(38, 25, 20130204, 5, 0),
(110, 13, 20130204, 1, 6),
(9, 7, 20130204, 2, 9),
(47, 42, 20130204, 7, 10),
(7, 17, 20130204, 3, 0),
(49, 38, 20130204, 5, 2),
(22, 40, 20130205, 6, 5),
(133, 15, 20130205, 1, 4),
(140, 1, 20130205, 0, 0),
(34, 32, 20130205, 0, 0),
(50, 8, 20130205, 10, 6),
(134, 33, 20130205, 5, 7),
(67, 19, 20130205, 6, 9),
(91, 7, 20130205, 7, 9),
(112, 7, 20130206, 3, 4),
(39, 29, 20130206, 2, 2),
(89, 24, 20130206, 3, 2),
(144, 6, 20130206, 3, 3),
(145, 42, 20130206, 0, 4),
(114, 26, 20130206, 3, 3),
(107, 27, 20130206, 3, 8),
(27, 36, 20130206, 7, 9),
(115, 5, 20130207, 5, 1),
(31, 7, 20130207, 2, 7),
(100, 36, 20130207, 1, 1),
(114, 41, 20130207, 1, 0),
(65, 23, 20130207, 9, 10),
(35, 29, 20130207, 9, 8),
(95, 5, 20130207, 5, 1),
(83, 24, 20130207, 2, 3),
(60, 38, 20130207, 2, 10),
(100, 14, 20130207, 3, 2),
(121, 42, 20130207, 1, 4),
(12, 42, 20130207, 0, 6),
(109, 43, 20130207, 2, 3),
(102, 42, 20130208, 1, 6),
(89, 26, 20130208, 9, 5),
(50, 10, 20130208, 1, 5),
(12, 23, 20130208, 6, 3),
(132, 18, 20130208, 5, 3),
(87, 35, 20130208, 0, 3),
(43, 14, 20130208, 7, 0),
(122, 32, 20130208, 10, 5),
(80, 16, 20130208, 5, 0),
(73, 22, 20130208, 9, 5),
(23, 39, 20130208, 1, 2),
(84, 18, 20130208, 8, 7),
(20, 11, 20130208, 4, 10),
(115, 5, 20130209, 4, 4),
(31, 8, 20130209, 4, 8),
(51, 10, 20130209, 7, 0),
(60, 37, 20130209, 8, 5),
(42, 18, 20130209, 6, 9),
(91, 11, 20130209, 8, 8),
(10, 24, 20130209, 0, 2),
(82, 1, 20130209, 8, 6),
(120, 5, 20130209, 7, 6),
(30, 36, 20130209, 8, 1),
(70, 45, 20130209, 2, 5),
(107, 10, 20130210, 0, 3),
(55, 16, 20130210, 5, 3),
(19, 12, 20130210, 7, 9),
(29, 39, 20130210, 1, 0),
(15, 5, 20130210, 6, 10),
(3, 15, 20130210, 2, 1),
(69, 4, 20130210, 5, 10),
(67, 31, 20130211, 2, 5),
(65, 36, 20130211, 0, 0),
(44, 12, 20130211, 0, 3),
(48, 10, 20130211, 6, 7),
(25, 30, 20130211, 5, 10),
(77, 35, 20130211, 0, 5),
(13, 43, 20130212, 6, 6),
(120, 22, 20130212, 2, 5),
(24, 33, 20130212, 7, 2),
(18, 3, 20130212, 4, 8),
(76, 25, 20130212, 9, 3),
(69, 30, 20130212, 6, 4),
(48, 40, 20130212, 6, 1),
(96, 32, 20130212, 5, 1),
(1, 6, 20130212, 7, 1),
(16, 23, 20130212, 10, 1),
(135, 36, 20130212, 3, 9),
(54, 9, 20130212, 9, 7),
(12, 21, 20130213, 9, 5),
(16, 18, 20130213, 9, 1),
(14, 40, 20130213, 0, 8),
(111, 8, 20130213, 7, 1),
(131, 14, 20130213, 5, 7),
(122, 4, 20130213, 4, 1),
(106, 15, 20130213, 6, 6),
(20, 16, 20130213, 4, 1),
(112, 21, 20130213, 6, 4),
(142, 2, 20130213, 0, 7),
(38, 32, 20130213, 4, 5),
(48, 3, 20130214, 10, 4),
(102, 40, 20130214, 9, 2),
(138, 40, 20130214, 8, 8),
(39, 18, 20130214, 2, 7),
(47, 2, 20130214, 9, 9),
(13, 1, 20130214, 9, 4),
(87, 38, 20130214, 3, 9),
(96, 19, 20130214, 2, 2),
(111, 2, 20130214, 4, 9),
(86, 8, 20130214, 9, 8),
(98, 31, 20130214, 7, 10),
(9, 28, 20130214, 2, 1),
(97, 4, 20130214, 10, 2),
(86, 32, 20130215, 7, 7),
(116, 45, 20130215, 0, 5),
(112, 8, 20130215, 9, 5),
(52, 23, 20130215, 5, 5),
(109, 39, 20130215, 5, 2),
(85, 12, 20130215, 3, 3),
(82, 19, 20130215, 5, 10),
(34, 41, 20130215, 6, 3),
(128, 3, 20130215, 4, 1),
(141, 23, 20130215, 8, 3),
(92, 26, 20130215, 3, 9),
(23, 12, 20130215, 1, 6),
(111, 16, 20130216, 10, 10),
(80, 11, 20130216, 3, 6),
(113, 16, 20130216, 1, 5),
(45, 10, 20130216, 2, 2),
(111, 41, 20130216, 10, 2),
(140, 38, 20130216, 9, 1),
(82, 40, 20130216, 0, 10),
(108, 8, 20130216, 0, 1),
(37, 7, 20130217, 8, 3),
(21, 32, 20130217, 8, 4),
(102, 29, 20130217, 6, 5),
(32, 26, 20130217, 8, 9),
(27, 13, 20130217, 3, 2),
(98, 21, 20130217, 5, 7),
(76, 22, 20130217, 7, 3),
(49, 6, 20130217, 1, 9),
(105, 39, 20130217, 7, 1),
(106, 3, 20130217, 8, 1),
(146, 29, 20130218, 9, 1),
(44, 28, 20130218, 9, 8),
(42, 26, 20130218, 1, 9),
(87, 38, 20130218, 1, 4),
(75, 24, 20130218, 3, 4),
(71, 28, 20130218, 8, 1),
(82, 36, 20130218, 2, 0),
(77, 42, 20130219, 1, 8),
(44, 12, 20130219, 7, 3),
(125, 39, 20130219, 3, 4),
(109, 33, 20130219, 0, 5),
(131, 27, 20130219, 1, 4),
(94, 21, 20130220, 3, 3),
(30, 4, 20130220, 0, 8),
(78, 18, 20130220, 6, 7),
(24, 1, 20130220, 6, 3),
(19, 15, 20130220, 1, 2),
(106, 38, 20130220, 9, 5),
(56, 6, 20130220, 4, 1),
(46, 10, 20130220, 10, 1),
(79, 14, 20130220, 7, 10),
(38, 19, 20130220, 3, 8),
(15, 21, 20130220, 8, 5),
(128, 44, 20130220, 9, 8),
(6, 42, 20130220, 8, 1),
(136, 29, 20130220, 5, 5),
(68, 40, 20130220, 3, 6),
(23, 21, 20130220, 3, 2),
(46, 14, 20130220, 10, 10),
(11, 43, 20130220, 5, 9),
(98, 10, 20130221, 9, 0),
(119, 34, 20130221, 4, 4),
(47, 5, 20130221, 8, 6),
(111, 31, 20130221, 10, 4),
(24, 13, 20130221, 3, 0),
(49, 26, 20130222, 5, 7),
(10, 16, 20130222, 7, 9),
(4, 40, 20130222, 7, 0),
(71, 28, 20130222, 6, 2),
(108, 33, 20130222, 3, 8),
(32, 31, 20130222, 0, 9),
(98, 9, 20130222, 1, 8),
(60, 5, 20130222, 3, 4),
(112, 38, 20130222, 5, 6),
(88, 23, 20130222, 5, 10),
(134, 28, 20130222, 5, 2),
(102, 35, 20130222, 9, 1),
(138, 6, 20130222, 2, 6),
(117, 25, 20130222, 6, 5),
(98, 35, 20130222, 10, 1),
(60, 6, 20130222, 0, 2),
(137, 5, 20130222, 10, 5),
(59, 35, 20130222, 9, 7),
(15, 36, 20130223, 10, 3),
(53, 3, 20130223, 2, 4),
(37, 6, 20130223, 5, 3),
(61, 13, 20130223, 9, 1),
(109, 36, 20130223, 2, 5),
(31, 26, 20130223, 7, 4),
(35, 34, 20130223, 4, 5),
(117, 15, 20130223, 1, 5),
(131, 45, 20130223, 3, 1),
(46, 45, 20130223, 0, 10),
(107, 43, 20130223, 2, 2),
(59, 24, 20130223, 3, 8),
(103, 30, 20130223, 9, 0),
(42, 9, 20130223, 9, 10),
(5, 24, 20130224, 1, 1),
(95, 42, 20130224, 8, 10),
(67, 18, 20130224, 2, 7),
(127, 10, 20130224, 8, 2),
(85, 11, 20130224, 6, 10),
(97, 16, 20130224, 9, 9),
(134, 38, 20130224, 4, 6),
(34, 19, 20130224, 0, 7),
(97, 30, 20130225, 7, 4),
(20, 40, 20130225, 3, 10),
(41, 19, 20130225, 7, 3),
(67, 29, 20130225, 10, 3),
(70, 20, 20130225, 6, 3),
(15, 43, 20130225, 8, 7),
(122, 32, 20130225, 4, 1),
(67, 33, 20130225, 8, 7),
(131, 21, 20130225, 2, 1),
(112, 41, 20130225, 3, 6),
(141, 9, 20130225, 6, 2),
(26, 42, 20130225, 2, 6),
(41, 12, 20130225, 7, 0),
(26, 43, 20130225, 5, 7),
(20, 39, 20130226, 10, 8),
(93, 7, 20130226, 7, 4),
(116, 4, 20130226, 8, 1),
(6, 20, 20130226, 10, 1),
(41, 1, 20130226, 8, 6),
(24, 6, 20130226, 6, 9),
(53, 7, 20130226, 5, 9),
(139, 13, 20130227, 3, 2),
(124, 34, 20130227, 10, 9),
(123, 5, 20130227, 2, 9),
(7, 6, 20130227, 0, 8),
(108, 37, 20130227, 3, 1),
(72, 29, 20130227, 6, 6),
(132, 25, 20130227, 0, 0),
(56, 14, 20130227, 3, 5),
(69, 31, 20130227, 3, 3),
(2, 39, 20130227, 10, 7),
(51, 12, 20130227, 3, 5),
(96, 2, 20130227, 7, 2),
(121, 22, 20130227, 9, 9),
(66, 32, 20130228, 0, 3),
(31, 29, 20130228, 2, 8),
(120, 30, 20130228, 2, 10),
(100, 14, 20130228, 10, 1),
(21, 10, 20130228, 0, 6),
(88, 8, 20130228, 3, 1),
(54, 30, 20130228, 7, 0),
(25, 29, 20130301, 8, 3),
(19, 36, 20130301, 6, 4),
(68, 20, 20130301, 8, 4),
(43, 27, 20130301, 7, 10),
(137, 19, 20130301, 5, 9),
(141, 13, 20130301, 10, 6),
(84, 33, 20130301, 10, 8),
(146, 32, 20130301, 4, 7),
(40, 43, 20130301, 7, 9),
(118, 23, 20130301, 3, 0),
(99, 45, 20130301, 5, 9),
(62, 7, 20130301, 2, 7),
(45, 44, 20130302, 6, 4),
(26, 32, 20130302, 2, 10),
(120, 27, 20130302, 3, 7),
(17, 17, 20130302, 5, 10),
(38, 9, 20130303, 4, 7),
(128, 30, 20130303, 3, 6),
(135, 43, 20130303, 2, 10),
(1, 28, 20130303, 9, 8),
(138, 1, 20130303, 3, 4),
(2, 42, 20130304, 6, 0),
(2, 6, 20130304, 4, 8),
(28, 39, 20130304, 0, 3),
(137, 44, 20130304, 1, 0),
(37, 17, 20130304, 5, 0),
(81, 37, 20130304, 3, 4),
(112, 4, 20130304, 7, 7),
(77, 31, 20130304, 2, 10),
(28, 20, 20130304, 10, 7),
(5, 25, 20130304, 4, 10),
(15, 31, 20130304, 9, 9),
(31, 25, 20130304, 4, 4),
(126, 44, 20130304, 1, 7),
(103, 20, 20130305, 6, 3),
(119, 37, 20130305, 7, 9),
(53, 13, 20130305, 1, 9),
(15, 31, 20130305, 8, 4),
(34, 8, 20130305, 1, 3),
(24, 29, 20130305, 0, 8),
(72, 21, 20130305, 4, 3),
(122, 27, 20130305, 10, 3),
(58, 45, 20130305, 3, 7),
(139, 34, 20130305, 9, 10),
(71, 39, 20130305, 6, 0),
(85, 11, 20130305, 9, 8),
(55, 16, 20130305, 10, 10),
(41, 29, 20130305, 9, 1),
(123, 6, 20130305, 10, 3),
(91, 27, 20130306, 5, 2),
(88, 39, 20130306, 8, 3),
(53, 4, 20130306, 1, 10),
(93, 6, 20130306, 0, 10),
(19, 11, 20130306, 2, 7),
(61, 10, 20130306, 10, 6),
(62, 24, 20130306, 7, 8),
(92, 37, 20130306, 1, 2),
(59, 39, 20130306, 5, 0),
(33, 23, 20130306, 0, 4),
(69, 9, 20130306, 6, 7),
(28, 40, 20130306, 6, 7),
(30, 36, 20130306, 9, 8),
(88, 38, 20130306, 0, 6),
(46, 2, 20130306, 1, 8),
(83, 42, 20130307, 3, 1),
(72, 3, 20130307, 8, 2),
(2, 21, 20130307, 5, 6),
(22, 25, 20130307, 7, 0),
(80, 21, 20130307, 5, 8),
(63, 42, 20130307, 3, 10),
(55, 23, 20130307, 4, 1),
(94, 23, 20130307, 10, 8),
(52, 16, 20130307, 9, 3),
(90, 22, 20130307, 6, 0),
(89, 26, 20130307, 3, 8),
(85, 11, 20130307, 9, 9),
(89, 7, 20130307, 8, 5),
(82, 28, 20130307, 1, 5),
(29, 6, 20130307, 8, 9),
(84, 14, 20130307, 2, 0),
(141, 2, 20130307, 3, 5),
(26, 7, 20130307, 6, 9),
(134, 7, 20130307, 2, 6),
(143, 31, 20130307, 5, 5),
(60, 40, 20130307, 5, 1),
(57, 40, 20130308, 7, 10),
(93, 14, 20130308, 2, 10),
(105, 22, 20130308, 3, 4),
(61, 2, 20130308, 1, 2),
(44, 14, 20130308, 1, 0),
(95, 1, 20130308, 10, 3),
(39, 38, 20130308, 9, 8),
(102, 23, 20130308, 8, 9),
(29, 16, 20130308, 0, 6),
(129, 41, 20130308, 0, 0),
(22, 43, 20130308, 2, 1),
(102, 8, 20130308, 5, 4),
(138, 8, 20130308, 0, 6),
(128, 44, 20130308, 3, 8),
(43, 26, 20130308, 9, 1),
(89, 28, 20130308, 5, 8),
(112, 42, 20130309, 7, 10),
(109, 40, 20130309, 5, 1),
(78, 45, 20130309, 10, 7),
(131, 22, 20130309, 6, 9),
(86, 41, 20130309, 4, 9),
(51, 37, 20130309, 1, 10),
(138, 34, 20130309, 3, 8),
(142, 28, 20130310, 5, 2),
(18, 22, 20130310, 8, 3),
(145, 16, 20130310, 9, 7),
(31, 15, 20130310, 9, 2),
(24, 30, 20130310, 6, 5),
(3, 32, 20130310, 3, 6),
(114, 33, 20130310, 4, 3),
(130, 25, 20130310, 0, 1),
(93, 39, 20130311, 8, 4),
(144, 45, 20130311, 2, 1),
(21, 28, 20130311, 8, 5),
(70, 27, 20130311, 1, 8),
(105, 40, 20130311, 8, 1),
(61, 35, 20130311, 5, 10),
(18, 41, 20130311, 10, 3),
(5, 28, 20130311, 5, 8),
(50, 7, 20130311, 2, 7),
(37, 17, 20130311, 1, 6),
(24, 16, 20130311, 7, 5),
(135, 17, 20130311, 9, 3),
(21, 16, 20130311, 9, 1),
(107, 39, 20130312, 6, 10),
(35, 4, 20130312, 1, 3),
(118, 35, 20130312, 6, 9),
(20, 25, 20130312, 8, 2),
(78, 36, 20130312, 7, 2),
(49, 23, 20130312, 6, 8),
(7, 38, 20130312, 4, 8),
(17, 5, 20130312, 5, 6),
(42, 3, 20130312, 3, 0),
(50, 41, 20130312, 5, 0),
(16, 23, 20130312, 5, 3),
(99, 21, 20130312, 9, 0),
(120, 26, 20130313, 2, 5),
(139, 3, 20130313, 5, 5),
(40, 9, 20130313, 9, 7),
(43, 38, 20130313, 7, 0),
(32, 3, 20130313, 10, 2),
(36, 10, 20130313, 0, 6),
(22, 39, 20130313, 8, 1),
(9, 14, 20130313, 0, 10),
(41, 41, 20130313, 2, 0),
(116, 38, 20130313, 7, 10),
(112, 8, 20130313, 7, 3),
(75, 8, 20130314, 3, 4),
(43, 3, 20130314, 5, 10),
(115, 15, 20130314, 2, 8),
(57, 21, 20130314, 2, 0),
(14, 43, 20130314, 2, 10),
(81, 17, 20130314, 1, 1),
(103, 26, 20130314, 2, 6),
(29, 4, 20130314, 5, 5),
(40, 24, 20130314, 3, 5),
(21, 38, 20130315, 10, 1),
(28, 21, 20130315, 7, 0),
(72, 37, 20130315, 1, 0),
(109, 41, 20130315, 7, 8),
(6, 43, 20130315, 6, 9),
(96, 34, 20130315, 2, 3),
(44, 26, 20130315, 6, 1),
(146, 13, 20130315, 7, 0),
(23, 28, 20130315, 2, 3),
(29, 6, 20130315, 7, 10),
(108, 44, 20130315, 10, 4),
(130, 40, 20130315, 7, 10),
(25, 36, 20130315, 2, 7),
(32, 35, 20130315, 7, 7),
(105, 15, 20130315, 5, 1),
(4, 39, 20130316, 3, 3),
(81, 2, 20130316, 9, 3),
(63, 13, 20130316, 9, 4),
(2, 36, 20130316, 5, 1),
(18, 16, 20130316, 0, 10),
(52, 44, 20130316, 7, 2),
(97, 11, 20130316, 0, 4),
(44, 8, 20130316, 0, 0),
(5, 2, 20130317, 0, 1),
(91, 31, 20130317, 9, 4),
(85, 15, 20130317, 5, 4),
(31, 1, 20130317, 3, 6),
(13, 6, 20130317, 10, 1),
(36, 21, 20130317, 6, 3),
(84, 13, 20130317, 8, 8),
(30, 36, 20130317, 2, 9),
(119, 31, 20130317, 0, 1),
(4, 4, 20130317, 3, 9),
(141, 10, 20130317, 8, 9),
(138, 25, 20130317, 1, 10),
(3, 35, 20130317, 0, 6),
(31, 24, 20130318, 3, 8),
(144, 11, 20130318, 3, 0),
(124, 8, 20130318, 4, 4),
(38, 43, 20130318, 4, 4),
(70, 34, 20130318, 0, 7),
(59, 17, 20130318, 2, 0),
(122, 5, 20130318, 0, 8),
(113, 44, 20130318, 6, 0),
(37, 22, 20130318, 6, 7),
(86, 16, 20130319, 1, 1),
(9, 15, 20130319, 5, 0),
(104, 42, 20130319, 1, 10),
(113, 41, 20130319, 2, 1),
(27, 11, 20130319, 7, 8),
(130, 20, 20130319, 3, 1),
(106, 36, 20130319, 0, 8),
(19, 40, 20130319, 5, 6),
(21, 39, 20130319, 7, 2),
(60, 11, 20130319, 3, 1),
(130, 25, 20130319, 6, 6),
(53, 3, 20130319, 3, 8),
(11, 41, 20130319, 9, 3),
(92, 11, 20130319, 6, 3),
(105, 36, 20130320, 9, 3),
(73, 15, 20130320, 3, 9),
(44, 2, 20130320, 2, 2),
(3, 42, 20130320, 2, 0),
(130, 24, 20130320, 2, 7),
(57, 38, 20130320, 7, 7),
(46, 13, 20130320, 3, 6),
(24, 18, 20130320, 3, 10),
(7, 35, 20130320, 2, 5),
(33, 10, 20130321, 7, 10),
(77, 40, 20130321, 0, 2),
(8, 4, 20130321, 3, 0),
(94, 7, 20130321, 0, 1),
(118, 45, 20130321, 6, 8),
(59, 37, 20130321, 1, 6),
(76, 3, 20130321, 4, 8),
(115, 19, 20130321, 7, 8),
(80, 6, 20130321, 5, 8),
(35, 24, 20130321, 2, 9),
(58, 40, 20130321, 5, 10),
(63, 5, 20130321, 0, 10),
(82, 45, 20130321, 2, 6),
(136, 3, 20130321, 4, 8),
(73, 24, 20130322, 0, 1),
(140, 24, 20130322, 4, 9),
(6, 41, 20130322, 7, 8),
(19, 7, 20130322, 1, 3),
(121, 14, 20130322, 3, 0),
(53, 32, 20130322, 4, 6),
(79, 14, 20130323, 8, 3),
(31, 21, 20130323, 3, 5),
(3, 16, 20130323, 2, 2),
(135, 36, 20130323, 4, 8),
(91, 15, 20130323, 9, 8),
(91, 19, 20130323, 10, 4),
(29, 34, 20130323, 10, 10),
(13, 34, 20130323, 1, 8),
(87, 30, 20130323, 1, 5),
(18, 40, 20130323, 6, 9),
(52, 32, 20130323, 10, 0),
(97, 23, 20130323, 6, 3),
(146, 19, 20130324, 7, 3),
(103, 9, 20130324, 1, 3),
(116, 44, 20130324, 8, 4),
(75, 8, 20130324, 8, 6),
(5, 19, 20130324, 6, 1),
(112, 24, 20130325, 4, 7),
(8, 37, 20130325, 6, 8),
(52, 31, 20130325, 3, 7),
(51, 36, 20130325, 10, 0),
(23, 39, 20130325, 1, 4),
(114, 2, 20130325, 0, 8),
(82, 26, 20130325, 10, 2),
(98, 36, 20130325, 8, 0),
(105, 27, 20130325, 2, 5),
(15, 7, 20130326, 10, 9),
(17, 40, 20130326, 7, 9),
(124, 11, 20130326, 8, 7),
(29, 35, 20130326, 0, 6),
(65, 27, 20130326, 3, 0),
(51, 18, 20130326, 3, 2),
(64, 5, 20130326, 0, 8),
(81, 24, 20130326, 4, 0),
(22, 19, 20130326, 10, 3),
(44, 17, 20130326, 0, 9),
(130, 17, 20130327, 3, 10),
(46, 16, 20130327, 10, 5),
(140, 30, 20130327, 7, 1),
(115, 30, 20130327, 1, 6),
(67, 40, 20130327, 0, 1),
(63, 4, 20130327, 8, 9),
(49, 7, 20130327, 5, 6),
(37, 34, 20130327, 0, 2),
(103, 5, 20130328, 4, 8),
(119, 44, 20130328, 1, 3),
(129, 1, 20130328, 10, 2),
(67, 11, 20130328, 8, 5),
(141, 4, 20130328, 0, 9),
(98, 20, 20130328, 4, 7),
(48, 32, 20130328, 5, 2),
(128, 18, 20130328, 10, 6),
(4, 40, 20130328, 0, 1),
(65, 18, 20130328, 3, 5),
(107, 30, 20130328, 5, 7),
(24, 20, 20130328, 0, 6),
(89, 39, 20130329, 7, 1),
(139, 2, 20130329, 3, 4),
(122, 38, 20130329, 1, 8),
(137, 42, 20130329, 6, 6),
(66, 4, 20130329, 10, 1),
(106, 36, 20130329, 10, 7),
(101, 26, 20130329, 8, 0),
(27, 3, 20130329, 1, 0),
(13, 8, 20130329, 7, 8),
(109, 29, 20130329, 8, 0),
(104, 41, 20130330, 1, 8),
(1, 5, 20130330, 2, 8),
(114, 25, 20130330, 9, 2),
(85, 29, 20130330, 6, 0),
(128, 17, 20130330, 0, 2),
(100, 20, 20130330, 8, 10),
(71, 37, 20130330, 9, 0),
(69, 17, 20130330, 9, 4),
(92, 39, 20130331, 7, 0),
(129, 22, 20130331, 0, 7),
(48, 19, 20130331, 8, 10),
(79, 26, 20130331, 1, 1),
(72, 45, 20130331, 8, 6),
(52, 40, 20130331, 8, 9),
(18, 9, 20130331, 10, 10),
(38, 22, 20130331, 7, 6),
(47, 15, 20130331, 4, 0),
(22, 26, 20130331, 1, 6),
(113, 15, 20130331, 10, 9),
(47, 26, 20130331, 5, 7);

-- --------------------------------------------------------

--
-- Структура таблицы `territory`
--

CREATE TABLE IF NOT EXISTS `territory` (
  `id` int(11) NOT NULL AUTO_INCREMENT,
  `name` varchar(255) NOT NULL,
  `parent_id` int(11) NOT NULL,
  PRIMARY KEY (`id`),
  KEY `parent_id` (`parent_id`)
) ENGINE=MyISAM  DEFAULT CHARSET=utf8 AUTO_INCREMENT=117 ;

--
-- Дамп данных таблицы `territory`
--

INSERT INTO `territory` (`id`, `name`, `parent_id`) VALUES
(1, 'Российская Федерация', 0),
(2, 'Дальневосточный федеральный округ', 1),
(3, 'Приволжский федеральный округ', 1),
(4, 'Северо-Западный федеральный округ', 1),
(5, 'Северо-Кавказский федеральный округ', 1),
(6, 'Сибирский федеральный округ', 1),
(7, 'Уральский федеральный округ', 1),
(8, 'Центральный федеральный округ', 1),
(9, 'Южный федеральный округ', 1),
(10, 'Еврейская автономная область', 2),
(11, 'Камчатская область', 2),
(12, 'Камчатский край', 2),
(13, 'Корякский автономный округ', 2),
(14, 'Магаданская область', 2),
(15, 'Приморский край', 2),
(16, 'Республика Саха (Якутия)', 2),
(17, 'Сахалинская область', 2),
(18, 'Хабаровский край', 2),
(19, 'Чукотский автономный округ', 2),
(20, 'Кировская область', 3),
(21, 'Коми-Пермяцкий автономный округ', 3),
(22, 'Нижегородская область', 3),
(23, 'Оренбургская область', 3),
(24, 'Пензенская область', 3),
(25, 'Пермская область', 3),
(26, 'Пермский край', 3),
(27, 'Республика Башкортостан', 3),
(28, 'Республика Марий Эл', 3),
(29, 'Республика Мордовия', 3),
(30, 'Республика Татарстан (Татарстан)', 3),
(31, 'Самарская область', 3),
(32, 'Саратовская область', 3),
(33, 'Удмуртская республика', 3),
(34, 'Ульяновская область', 3),
(35, 'Чувашская Республика-Чувашия', 3),
(36, 'Архангельская область', 4),
(37, 'Вологодская область', 4),
(38, 'г. Санкт-Петербург', 4),
(39, 'Калининградская область', 4),
(40, 'Ленинградская область', 4),
(41, 'Мурманская область', 4),
(42, 'Ненецкий автономный округ', 4),
(43, 'Новгородская область', 4),
(44, 'Псковская область', 4),
(45, 'Республика Карелия', 4),
(46, 'Республика Коми', 4),
(47, 'Кабардино-Балкарская Республика', 5),
(64, 'Карачаево-Черкесская Республика', 5),
(65, 'Республика Дагестан', 5),
(66, 'Республика Ингушетия', 5),
(67, 'Республика Северная Осетия-Алания', 5),
(68, 'Ставропольский край', 5),
(69, 'Чеченская республика', 5),
(70, 'Агинский-Бурятский автономный округ', 6),
(71, 'Алтайский край', 6),
(72, 'Забайкальский край', 6),
(73, 'Иркутская область', 6),
(74, 'Кемеровская область', 6),
(75, 'Красноярский край', 6),
(76, 'Новосибирская область', 6),
(77, 'Омская область', 6),
(78, 'Республика Алтай', 6),
(79, 'Республика Бурятия', 6),
(80, 'Республика Тыва', 6),
(81, 'Республика Хакасия', 6),
(82, 'Таймырский автономный округ', 6),
(83, 'Томская область', 6),
(84, 'Усть-Ордынский Бурятский автономный округ', 6),
(85, 'Читинская область', 6),
(86, 'Эвенкийский автономный округ', 6),
(87, 'Курганская область', 7),
(88, 'Свердловская область', 7),
(89, 'Тюменская область', 7),
(90, 'Ханты-Мансийский автономный округ', 7),
(91, 'Челябинская область', 7),
(92, 'Ямало-Ненецкий автономный округ', 7),
(93, 'Белгородская область', 8),
(94, 'Брянская область', 8),
(95, 'Владимирская область', 8),
(96, 'Воронежская область', 8),
(97, 'г. Москва', 8),
(98, 'Ивановская область', 8),
(99, 'Калужская область', 8),
(100, 'Костромская область', 8),
(101, 'Курская область', 8),
(102, 'Липецкая область', 8),
(103, 'Московская область', 8),
(104, 'Орловская область', 8),
(105, 'Рязанская область', 8),
(106, 'Смоленская область', 8),
(107, 'Тамбовская область', 8),
(108, 'Тверская область', 8),
(109, 'Тульская область', 8),
(110, 'Ярославская область', 8),
(111, 'Астраханская область', 9),
(112, 'Волгоградская область', 9),
(113, 'Краснодарский край', 9),
(114, 'Республика Адыгея (Адыгея)', 9),
(115, 'Республика Калмыкия', 9),
(116, 'Ростовская область', 9);

/*!40101 SET CHARACTER_SET_CLIENT=@OLD_CHARACTER_SET_CLIENT */;
/*!40101 SET CHARACTER_SET_RESULTS=@OLD_CHARACTER_SET_RESULTS */;
/*!40101 SET COLLATION_CONNECTION=@OLD_COLLATION_CONNECTION */;
